{"cameraMode":{"drawMode":0,"name":"Shaded","section":"Shading Mode"},"sceneLighting":true,"audioPlay":false,"sceneViewState":{"m_AlwaysRefresh":false,"showFog":true,"showSkybox":true,"showFlares":true,"showImageEffects":true,"showParticleSystems":true,"showVisualEffectGraphs":true,"m_FxEnabled":true},"in2DMode":false,"pivot":{"x":528.7454223632813,"y":212.37193298339845,"z":18.683242797851564},"rotation":{"x":0.01049833744764328,"y":-0.016498025506734849,"z":0.0001733298267936334,"w":0.9998113512992859},"size":290.9603271484375,"orthographic":true}