{"cameraMode":{"drawMode":0,"name":"Shaded","section":"Shading Mode"},"sceneLighting":true,"audioPlay":false,"sceneViewState":{"m_AlwaysRefresh":false,"showFog":true,"showSkybox":true,"showFlares":true,"showImageEffects":true,"showParticleSystems":true,"showVisualEffectGraphs":true,"m_FxEnabled":true},"in2DMode":false,"pivot":{"x":777.26123046875,"y":629.5078735351563,"z":107.720458984375},"rotation":{"x":-0.010808023624122143,"y":0.018594879657030107,"z":-0.00019912837888114154,"w":-0.9997769594192505},"size":610.5015258789063,"orthographic":false}