{"cameraMode":{"drawMode":0,"name":"Shaded","section":"Shading Mode"},"sceneLighting":true,"audioPlay":false,"sceneViewState":{"m_AlwaysRefresh":false,"showFog":true,"showSkybox":true,"showFlares":true,"showImageEffects":true,"showParticleSystems":true,"showVisualEffectGraphs":true,"m_FxEnabled":true},"in2DMode":false,"pivot":{"x":442.6191711425781,"y":180.9491729736328,"z":-69.67366790771485},"rotation":{"x":-0.016482548788189889,"y":0.04497869312763214,"z":0.0007422159542329609,"w":0.9988517761230469},"size":286.8255310058594,"orthographic":true}