{"cameraMode":{"drawMode":0,"name":"Shaded","section":"Shading Mode"},"sceneLighting":true,"audioPlay":false,"sceneViewState":{"m_AlwaysRefresh":false,"showFog":true,"showSkybox":true,"showFlares":true,"showImageEffects":true,"showParticleSystems":true,"showVisualEffectGraphs":true,"m_FxEnabled":true},"in2DMode":false,"pivot":{"x":466.2861328125,"y":364.58074951171877,"z":-144.64590454101563},"rotation":{"x":-0.016482548788189889,"y":0.04497869312763214,"z":0.0007422159542329609,"w":0.9988517761230469},"size":722.4515380859375,"orthographic":true}